"Value[String]","Color[Color]"
"Yellow","0.962000,0.958183,0.000000,1.000000"
"Red","0.770000,0.000000,0.000000,1.000000"
"Green","0.000000,0.992000,0.000000,1.000000"
"Blue","0.000000,0.000000,1.000000,1.000000"
"White","1.000000,1.000000,1.000000,1.000000"
"Black","0.000000,0.000000,0.000000,1.000000"